"product_id","product_name","addon_id","addon_name","addon_price","addon_description","image_id","image_url","group_id"
"1189","Watermelon","1893","Crayola Washable Paint Set","6","Each set of Crayola washable paint is enough to cover three or more assorted canvases with different background colors.","2351","https://dandicraft.com/wp-content/uploads/2025/11/catalog-2025-60.jpg","1892"
"1496","16” Long Hair Bear","1510","Crayola Fabric Markers","6","Includes 10 fabric-safe colors designed for decorating T-shirts.","2843","https://dandicraft.com/wp-content/uploads/2025/11/fabric-markers-2.png","1509"
"1496","16” Long Hair Bear","1511","Foam ABC Stickers","6","Includes 20 full alphabet sheets in assorted colors.","2844","https://dandicraft.com/wp-content/uploads/2025/11/foam-abc-stickers.png","1509"
"1496","16” Long Hair Bear","1512","Hearts & Stars Foam Stickers","6","Approx. 130 foam stickers in mixed colors and sizes.","2842","https://dandicraft.com/wp-content/uploads/2025/11/stars-and-hearts.png","1509"
"1496","16” Long Hair Bear","1513","60 second Recordable Chip","6",,"2845","https://dandicraft.com/wp-content/uploads/2025/11/recordable-sound-chip.png","1509"
"1496","16” Long Hair Bear","1515","Extra T-Shirt","2",,"2846","https://dandicraft.com/wp-content/uploads/2025/11/16-basic.png","1509"
"1496","16” Long Hair Bear","1894","Personalize with Your Logo (+$3 per shirt, $15 setup fee • 15-shirt minimum)","3","Personalize with Your Logo (+$3 per shirt, $15 setup fee • 15-shirt minimum)","1895","https://dandicraft.com/wp-content/uploads/2025/11/logo.jpg","1509"
"1496","16” Long Hair Bear","2289","Select T-shirt",,,,NULL,"1509"
"1496","16” Long Hair Bear","2906","Setup Fee",,,,NULL,"1509"
"1547","16” Smiley Monkey","1560","Crayola Fabric Markers","6","Includes 10 fabric-safe colors designed for decorating T-shirts.","2843","https://dandicraft.com/wp-content/uploads/2025/11/fabric-markers-2.png","1559"
"1547","16” Smiley Monkey","1561","Foam ABC Stickers","6","Includes 20 full alphabet sheets in assorted colors.","2844","https://dandicraft.com/wp-content/uploads/2025/11/foam-abc-stickers.png","1559"
"1547","16” Smiley Monkey","1562","Hearts & Stars Foam Stickers","6","Approx. 130 foam stickers in mixed colors and sizes.","2842","https://dandicraft.com/wp-content/uploads/2025/11/stars-and-hearts.png","1559"
"1547","16” Smiley Monkey","1563","60 second Recordable Chip","6",,"2845","https://dandicraft.com/wp-content/uploads/2025/11/recordable-sound-chip.png","1559"
"1547","16” Smiley Monkey","1564","Extra T-Shirt","2",,"2846","https://dandicraft.com/wp-content/uploads/2025/11/16-basic.png","1559"
"1547","16” Smiley Monkey","1896","Personalize with Your Logo (+$3 per shirt, $15 setup fee • 15-shirt minimum)","3","Personalize with Your Logo (+$3 per shirt, $15 setup fee • 15-shirt minimum)","1895","https://dandicraft.com/wp-content/uploads/2025/11/logo.jpg","1559"
"1547","16” Smiley Monkey","2288","Select T-shirt",,,,NULL,"1559"
"1547","16” Smiley Monkey","2905","Setup Fee",,,,NULL,"1559"
"1569","16” Twist Bear","1582","Crayola Fabric Markers","6","Includes 10 fabric-safe colors designed for decorating T-shirts.","2843","https://dandicraft.com/wp-content/uploads/2025/11/fabric-markers-2.png","1581"
"1569","16” Twist Bear","1583","Foam ABC Stickers","6","Includes 20 full alphabet sheets in assorted colors.","2844","https://dandicraft.com/wp-content/uploads/2025/11/foam-abc-stickers.png","1581"
"1569","16” Twist Bear","1584","Hearts & Stars Foam Stickers","6","Approx. 130 foam stickers in mixed colors and sizes.","2842","https://dandicraft.com/wp-content/uploads/2025/11/stars-and-hearts.png","1581"
"1569","16” Twist Bear","1585","60 second Recordable Chip","6",,"2845","https://dandicraft.com/wp-content/uploads/2025/11/recordable-sound-chip.png","1581"
"1569","16” Twist Bear","1586","Extra T-Shirt","2",,"2846","https://dandicraft.com/wp-content/uploads/2025/11/16-basic.png","1581"
"1569","16” Twist Bear","1897","Personalize with Your Logo (+$3 per shirt, $15 setup fee • 15-shirt minimum)","3","Personalize with Your Logo (+$3 per shirt, $15 setup fee • 15-shirt minimum)","1895","https://dandicraft.com/wp-content/uploads/2025/11/logo.jpg","1581"
"1569","16” Twist Bear","2287","Select T-shirt",,,,NULL,"1581"
"1569","16” Twist Bear","2904","Setup Fee",,,,NULL,"1581"
"1589","16”Cow","1597","Crayola Fabric Markers","6","Includes 10 fabric-safe colors designed for decorating T-shirts.","2843","https://dandicraft.com/wp-content/uploads/2025/11/fabric-markers-2.png","1596"
"1589","16”Cow","1598","Foam ABC Stickers","6","Includes 20 full alphabet sheets in assorted colors.","2844","https://dandicraft.com/wp-content/uploads/2025/11/foam-abc-stickers.png","1596"
"1589","16”Cow","1599","Hearts & Stars Foam Stickers","6","Approx. 130 foam stickers in mixed colors and sizes.","2842","https://dandicraft.com/wp-content/uploads/2025/11/stars-and-hearts.png","1596"
"1589","16”Cow","1600","60 second Recordable Chip","6",,"2845","https://dandicraft.com/wp-content/uploads/2025/11/recordable-sound-chip.png","1596"
"1589","16”Cow","1601","Extra T-Shirt","2",,"2846","https://dandicraft.com/wp-content/uploads/2025/11/16-basic.png","1596"
"1589","16”Cow","1898","Personalize with Your Logo (+$3 per shirt, $15 setup fee • 15-shirt minimum)","3","Personalize with Your Logo (+$3 per shirt, $15 setup fee • 15-shirt minimum)","1895","https://dandicraft.com/wp-content/uploads/2025/11/logo.jpg","1596"
"1589","16”Cow","2286","Select T-shirt",,,,NULL,"1596"
"1589","16”Cow","2903","Setup Fee",,,,NULL,"1596"
"1604","16” Elephant","1617","Crayola Fabric Markers","6","Includes 10 fabric-safe colors designed for decorating T-shirts.","2843","https://dandicraft.com/wp-content/uploads/2025/11/fabric-markers-2.png","1616"
"1604","16” Elephant","1618","Foam ABC Stickers","6","Includes 20 full alphabet sheets in assorted colors.","2844","https://dandicraft.com/wp-content/uploads/2025/11/foam-abc-stickers.png","1616"
"1604","16” Elephant","1619","Hearts & Stars Foam Stickers","6","Approx. 130 foam stickers in mixed colors and sizes.","2842","https://dandicraft.com/wp-content/uploads/2025/11/stars-and-hearts.png","1616"
"1604","16” Elephant","1620","60 second Recordable Chip","6",,"2845","https://dandicraft.com/wp-content/uploads/2025/11/recordable-sound-chip.png","1616"
"1604","16” Elephant","1621","Extra T-Shirt","2",,"2846","https://dandicraft.com/wp-content/uploads/2025/11/16-basic.png","1616"
"1604","16” Elephant","1899","Personalize with Your Logo (+$3 per shirt, $15 setup fee • 15-shirt minimum)","3","Personalize with Your Logo (+$3 per shirt, $15 setup fee • 15-shirt minimum)","1895","https://dandicraft.com/wp-content/uploads/2025/11/logo.jpg","1616"
"1604","16” Elephant","2285","Select T-shirt",,,,NULL,"1616"
"1604","16” Elephant","2902","Setup Fee",,,,NULL,"1616"
"1625","16” Rainbow Bear","1638","Crayola Fabric Markers","6","Includes 10 fabric-safe colors designed for decorating T-shirts.","2843","https://dandicraft.com/wp-content/uploads/2025/11/fabric-markers-2.png","1637"
"1625","16” Rainbow Bear","1639","Foam ABC Stickers","6","Includes 20 full alphabet sheets in assorted colors.","2844","https://dandicraft.com/wp-content/uploads/2025/11/foam-abc-stickers.png","1637"
"1625","16” Rainbow Bear","1640","Hearts & Stars Foam Stickers","6","Approx. 130 foam stickers in mixed colors and sizes.","2842","https://dandicraft.com/wp-content/uploads/2025/11/stars-and-hearts.png","1637"
"1625","16” Rainbow Bear","1641","60 second Recordable Chip","6",,"2845","https://dandicraft.com/wp-content/uploads/2025/11/recordable-sound-chip.png","1637"
"1625","16” Rainbow Bear","1642","Extra T-Shirt","2",,"2846","https://dandicraft.com/wp-content/uploads/2025/11/16-basic.png","1637"
"1625","16” Rainbow Bear","1900","Personalize with Your Logo (+$3 per shirt, $15 setup fee • 15-shirt minimum)","3","Personalize with Your Logo (+$3 per shirt, $15 setup fee • 15-shirt minimum)","1895","https://dandicraft.com/wp-content/uploads/2025/11/logo.jpg","1637"
"1625","16” Rainbow Bear","2284","Select T-shirt",,,,NULL,"1637"
"1625","16” Rainbow Bear","2901","Setup Fee",,,,NULL,"1637"
"1646","16” Tabby Cat","1659","Crayola Fabric Markers","6","Includes 10 fabric-safe colors designed for decorating T-shirts.","2843","https://dandicraft.com/wp-content/uploads/2025/11/fabric-markers-2.png","1658"
"1646","16” Tabby Cat","1660","Foam ABC Stickers","6","Includes 20 full alphabet sheets in assorted colors.","2844","https://dandicraft.com/wp-content/uploads/2025/11/foam-abc-stickers.png","1658"
"1646","16” Tabby Cat","1661","Hearts & Stars Foam Stickers","6","Approx. 130 foam stickers in mixed colors and sizes.","2842","https://dandicraft.com/wp-content/uploads/2025/11/stars-and-hearts.png","1658"
"1646","16” Tabby Cat","1662","60 second Recordable Chip","6",,"2845","https://dandicraft.com/wp-content/uploads/2025/11/recordable-sound-chip.png","1658"
"1646","16” Tabby Cat","1663","Extra T-Shirt","2",,"2846","https://dandicraft.com/wp-content/uploads/2025/11/16-basic.png","1658"
"1646","16” Tabby Cat","1901","Personalize with Your Logo (+$3 per shirt, $15 setup fee • 15-shirt minimum)","3","Personalize with Your Logo (+$3 per shirt, $15 setup fee • 15-shirt minimum)","1895","https://dandicraft.com/wp-content/uploads/2025/11/logo.jpg","1658"
"1646","16” Tabby Cat","2283","Select T-shirt",,,,NULL,"1658"
"1646","16” Tabby Cat","2900","Setup Fee",,,,NULL,"1658"
"1667","16” Grizzly Bear","1680","Crayola Fabric Markers","6","Includes 10 fabric-safe colors designed for decorating T-shirts.","2843","https://dandicraft.com/wp-content/uploads/2025/11/fabric-markers-2.png","1679"
"1667","16” Grizzly Bear","1681","Foam ABC Stickers","6","Includes 20 full alphabet sheets in assorted colors.","2844","https://dandicraft.com/wp-content/uploads/2025/11/foam-abc-stickers.png","1679"
"1667","16” Grizzly Bear","1682","Hearts & Stars Foam Stickers","6","Approx. 130 foam stickers in mixed colors and sizes.","2842","https://dandicraft.com/wp-content/uploads/2025/11/stars-and-hearts.png","1679"
"1667","16” Grizzly Bear","1683","60 second Recordable Chip","6",,"2845","https://dandicraft.com/wp-content/uploads/2025/11/recordable-sound-chip.png","1679"
"1667","16” Grizzly Bear","1684","Extra T-Shirt","2",,"2846","https://dandicraft.com/wp-content/uploads/2025/11/16-basic.png","1679"
"1667","16” Grizzly Bear","1902","Personalize with Your Logo (+$3 per shirt, $15 setup fee • 15-shirt minimum)","3","Personalize with Your Logo (+$3 per shirt, $15 setup fee • 15-shirt minimum)","1895","https://dandicraft.com/wp-content/uploads/2025/11/logo.jpg","1679"
"1667","16” Grizzly Bear","2282","Select T-shirt",,,,NULL,"1679"
"1667","16” Grizzly Bear","2899","Setup Fee",,,,NULL,"1679"
"1688","16” Bulldog","1701","Crayola Fabric Markers","6","Includes 10 fabric-safe colors designed for decorating T-shirts.","2843","https://dandicraft.com/wp-content/uploads/2025/11/fabric-markers-2.png","1700"
"1688","16” Bulldog","1702","Foam ABC Stickers","6","Includes 20 full alphabet sheets in assorted colors.","2844","https://dandicraft.com/wp-content/uploads/2025/11/foam-abc-stickers.png","1700"
"1688","16” Bulldog","1703","Hearts & Stars Foam Stickers","6","Approx. 130 foam stickers in mixed colors and sizes.","2842","https://dandicraft.com/wp-content/uploads/2025/11/stars-and-hearts.png","1700"
"1688","16” Bulldog","1704","60 second Recordable Chip","6",,"2845","https://dandicraft.com/wp-content/uploads/2025/11/recordable-sound-chip.png","1700"
"1688","16” Bulldog","1705","Extra T-Shirt","2",,"2846","https://dandicraft.com/wp-content/uploads/2025/11/16-basic.png","1700"
"1688","16” Bulldog","1903","Personalize with Your Logo (+$3 per shirt, $15 setup fee • 15-shirt minimum)","3","Personalize with Your Logo (+$3 per shirt, $15 setup fee • 15-shirt minimum)","1953","https://dandicraft.com/wp-content/uploads/2025/11/150.jpg","1700"
"1688","16” Bulldog","2281","Select T-shirt",,,,NULL,"1700"
"1688","16” Bulldog","2898","Setup Fee",,,,NULL,"1700"
"1709","16” White Twist Bear","1722","Crayola Fabric Markers","6","Includes 10 fabric-safe colors designed for decorating T-shirts.","2843","https://dandicraft.com/wp-content/uploads/2025/11/fabric-markers-2.png","1721"
"1709","16” White Twist Bear","1723","Foam ABC Stickers","6","Includes 20 full alphabet sheets in assorted colors.","2844","https://dandicraft.com/wp-content/uploads/2025/11/foam-abc-stickers.png","1721"
"1709","16” White Twist Bear","1724","Hearts & Stars Foam Stickers","6","Approx. 130 foam stickers in mixed colors and sizes.","2842","https://dandicraft.com/wp-content/uploads/2025/11/stars-and-hearts.png","1721"
"1709","16” White Twist Bear","1725","60 second Recordable Chip","6",,"2845","https://dandicraft.com/wp-content/uploads/2025/11/recordable-sound-chip.png","1721"
"1709","16” White Twist Bear","1726","Extra T-Shirt","2",,"2846","https://dandicraft.com/wp-content/uploads/2025/11/16-basic.png","1721"
"1709","16” White Twist Bear","1904","Personalize with Your Logo (+$3 per shirt, $15 setup fee • 15-shirt minimum)","3","Personalize with Your Logo (+$3 per shirt, $15 setup fee • 15-shirt minimum)","1895","https://dandicraft.com/wp-content/uploads/2025/11/logo.jpg","1721"
"1709","16” White Twist Bear","2280","Select T-shirt",,,,NULL,"1721"
"1709","16” White Twist Bear","2897","Setup Fee",,,,NULL,"1721"
"1762","4.5 oz. Libbey","1766","Crayola Fabric Markers","16",,"1770","https://dandicraft.com/wp-content/uploads/2025/11/pot.jpg","1765"
"1772","6 oz. Hex","1774",,"16",,"1770","https://dandicraft.com/wp-content/uploads/2025/11/pot.jpg","1773"
"1777","8 oz. Straight","1779",,"16",,"1770","https://dandicraft.com/wp-content/uploads/2025/11/pot.jpg","1778"
"1782","9 oz. Hex","1784",,"16",,"1770","https://dandicraft.com/wp-content/uploads/2025/11/pot.jpg","1783"
"1787","12 oz. Rock","1789",,"16",,"1770","https://dandicraft.com/wp-content/uploads/2025/11/pot.jpg","1788"
"1960","Custom Paint-by-Number","1962","Upload your image",,,,NULL,"1961"
"2001","8” Bulldog","2014","Crayola Fabric Markers","6","Includes 10 fabric-safe colors designed for decorating T-shirts.","2843","https://dandicraft.com/wp-content/uploads/2025/11/fabric-markers-2.png","2013"
"2001","8” Bulldog","2015","Foam ABC Stickers","6","Includes 20 full alphabet sheets in assorted colors.","2844","https://dandicraft.com/wp-content/uploads/2025/11/foam-abc-stickers.png","2013"
"2001","8” Bulldog","2016","Hearts & Stars Foam Stickers","6","Approx. 130 foam stickers in mixed colors and sizes.","2842","https://dandicraft.com/wp-content/uploads/2025/11/stars-and-hearts.png","2013"
"2001","8” Bulldog","2017","60 second Recordable Chip","6",,"2845","https://dandicraft.com/wp-content/uploads/2025/11/recordable-sound-chip.png","2013"
"2001","8” Bulldog","2018","Extra T-Shirt","2",,"2846","https://dandicraft.com/wp-content/uploads/2025/11/16-basic.png","2013"
"2001","8” Bulldog","2279","Select T-shirt",,,,NULL,"2013"
"2001","8” Bulldog","2940","Setup Fee",,,,NULL,"2013"
"2001","8” Bulldog","2943","Personalize with Your Logo (+$3 per shirt, $15 setup fee • 15-shirt minimum)","3",,"2944","https://dandicraft.com/wp-content/uploads/2025/11/150-1.jpg","2013"
"2034","8” Elephant","2047","Crayola Fabric Markers","6","Includes 10 fabric-safe colors designed for decorating T-shirts.","2843","https://dandicraft.com/wp-content/uploads/2025/11/fabric-markers-2.png","2046"
"2034","8” Elephant","2048","Foam ABC Stickers","6","Includes 20 full alphabet sheets in assorted colors.","2844","https://dandicraft.com/wp-content/uploads/2025/11/foam-abc-stickers.png","2046"
"2034","8” Elephant","2049","Hearts & Stars Foam Stickers","6","Approx. 130 foam stickers in mixed colors and sizes.","2842","https://dandicraft.com/wp-content/uploads/2025/11/stars-and-hearts.png","2046"
"2034","8” Elephant","2050","60 second Recordable Chip","6",,"2845","https://dandicraft.com/wp-content/uploads/2025/11/recordable-sound-chip.png","2046"
"2034","8” Elephant","2051","Extra T-Shirt","2",,"2846","https://dandicraft.com/wp-content/uploads/2025/11/16-basic.png","2046"
"2034","8” Elephant","2052","Personalize with Your Logo (+$3 per shirt, $15 setup fee • 15-shirt minimum)","3","Personalize with Your Logo (+$3 per shirt, $15 setup fee • 15-shirt minimum)","1895","https://dandicraft.com/wp-content/uploads/2025/11/logo.jpg","2046"
"2034","8” Elephant","2278","Select T-shirt",,,,NULL,"2046"
"2034","8” Elephant","2896","Setup Fee",,,,NULL,"2046"
"2068","8” Grizzly Bear","2081","Crayola Fabric Markers","6","Includes 10 fabric-safe colors designed for decorating T-shirts.","2843","https://dandicraft.com/wp-content/uploads/2025/11/fabric-markers-2.png","2080"
"2068","8” Grizzly Bear","2082","Foam ABC Stickers","6","Includes 20 full alphabet sheets in assorted colors.","2844","https://dandicraft.com/wp-content/uploads/2025/11/foam-abc-stickers.png","2080"
"2068","8” Grizzly Bear","2083","Hearts & Stars Foam Stickers","6","Approx. 130 foam stickers in mixed colors and sizes.","2842","https://dandicraft.com/wp-content/uploads/2025/11/stars-and-hearts.png","2080"
"2068","8” Grizzly Bear","2084","60 second Recordable Chip","6",,"2845","https://dandicraft.com/wp-content/uploads/2025/11/recordable-sound-chip.png","2080"
"2068","8” Grizzly Bear","2085","Extra T-Shirt","2",,"2846","https://dandicraft.com/wp-content/uploads/2025/11/16-basic.png","2080"
"2068","8” Grizzly Bear","2086","Personalize with Your Logo (+$3 per shirt, $15 setup fee • 15-shirt minimum)","3","Personalize with Your Logo (+$3 per shirt, $15 setup fee • 15-shirt minimum)","1895","https://dandicraft.com/wp-content/uploads/2025/11/logo.jpg","2080"
"2068","8” Grizzly Bear","2277","Select T-shirt",,,,NULL,"2080"
"2068","8” Grizzly Bear","2895","Setup Fee",,,,NULL,"2080"
"2100","8” Long Hair Bear","2113","Crayola Fabric Markers","6","Includes 10 fabric-safe colors designed for decorating T-shirts.","2843","https://dandicraft.com/wp-content/uploads/2025/11/fabric-markers-2.png","2112"
"2100","8” Long Hair Bear","2114","Foam ABC Stickers","6","Includes 20 full alphabet sheets in assorted colors.","2844","https://dandicraft.com/wp-content/uploads/2025/11/foam-abc-stickers.png","2112"
"2100","8” Long Hair Bear","2115","Hearts & Stars Foam Stickers","6","Approx. 130 foam stickers in mixed colors and sizes.","2842","https://dandicraft.com/wp-content/uploads/2025/11/stars-and-hearts.png","2112"
"2100","8” Long Hair Bear","2116","60 second Recordable Chip","6",,"2845","https://dandicraft.com/wp-content/uploads/2025/11/recordable-sound-chip.png","2112"
"2100","8” Long Hair Bear","2117","Extra T-Shirt","2",,"2846","https://dandicraft.com/wp-content/uploads/2025/11/16-basic.png","2112"
"2100","8” Long Hair Bear","2118","Personalize with Your Logo (+$3 per shirt, $15 setup fee • 15-shirt minimum)","3","Personalize with Your Logo (+$3 per shirt, $15 setup fee • 15-shirt minimum)","1895","https://dandicraft.com/wp-content/uploads/2025/11/logo.jpg","2112"
"2100","8” Long Hair Bear","2276","Select T-shirt",,,,NULL,"2112"
"2100","8” Long Hair Bear","2894","Setup Fee",,,,NULL,"2112"
"2132","8” Rainbow Bear","2145","Crayola Fabric Markers","6","Includes 10 fabric-safe colors designed for decorating T-shirts.","2843","https://dandicraft.com/wp-content/uploads/2025/11/fabric-markers-2.png","2144"
"2132","8” Rainbow Bear","2146","Foam ABC Stickers","6","Includes 20 full alphabet sheets in assorted colors.","2844","https://dandicraft.com/wp-content/uploads/2025/11/foam-abc-stickers.png","2144"
"2132","8” Rainbow Bear","2147","Hearts & Stars Foam Stickers","6","Approx. 130 foam stickers in mixed colors and sizes.","2842","https://dandicraft.com/wp-content/uploads/2025/11/stars-and-hearts.png","2144"
"2132","8” Rainbow Bear","2148","60 second Recordable Chip","6",,"2845","https://dandicraft.com/wp-content/uploads/2025/11/recordable-sound-chip.png","2144"
"2132","8” Rainbow Bear","2149","Extra T-Shirt","2",,"2846","https://dandicraft.com/wp-content/uploads/2025/11/16-basic.png","2144"
"2132","8” Rainbow Bear","2150","Personalize with Your Logo (+$3 per shirt, $15 setup fee • 15-shirt minimum)","3","Personalize with Your Logo (+$3 per shirt, $15 setup fee • 15-shirt minimum)","1895","https://dandicraft.com/wp-content/uploads/2025/11/logo.jpg","2144"
"2132","8” Rainbow Bear","2275","Select T-shirt",,,,NULL,"2144"
"2132","8” Rainbow Bear","2893","Setup Fee",,,,NULL,"2144"
"2164","8” Smiley Monkey","2177","Crayola Fabric Markers","6","Includes 10 fabric-safe colors designed for decorating T-shirts.","2843","https://dandicraft.com/wp-content/uploads/2025/11/fabric-markers-2.png","2176"
"2164","8” Smiley Monkey","2178","Foam ABC Stickers","6","Includes 20 full alphabet sheets in assorted colors.","2844","https://dandicraft.com/wp-content/uploads/2025/11/foam-abc-stickers.png","2176"
"2164","8” Smiley Monkey","2179","Hearts & Stars Foam Stickers","6","Approx. 130 foam stickers in mixed colors and sizes.","2842","https://dandicraft.com/wp-content/uploads/2025/11/stars-and-hearts.png","2176"
"2164","8” Smiley Monkey","2180","60 second Recordable Chip","6",,"2845","https://dandicraft.com/wp-content/uploads/2025/11/recordable-sound-chip.png","2176"
"2164","8” Smiley Monkey","2181","Extra T-Shirt","2",,"2846","https://dandicraft.com/wp-content/uploads/2025/11/16-basic.png","2176"
"2164","8” Smiley Monkey","2182","Personalize with Your Logo (+$3 per shirt, $15 setup fee • 15-shirt minimum)","3","Personalize with Your Logo (+$3 per shirt, $15 setup fee • 15-shirt minimum)",,NULL,"2176"
"2164","8” Smiley Monkey","2274","Select T-shirt",,,,NULL,"2176"
"2164","8” Smiley Monkey","2892","Setup Fee",,,,NULL,"2176"
"2196","8” White Twist Bear","2209","Crayola Fabric Markers","6","Includes 10 fabric-safe colors designed for decorating T-shirts.","2843","https://dandicraft.com/wp-content/uploads/2025/11/fabric-markers-2.png","2208"
"2196","8” White Twist Bear","2210","Foam ABC Stickers","6","Includes 20 full alphabet sheets in assorted colors.","2844","https://dandicraft.com/wp-content/uploads/2025/11/foam-abc-stickers.png","2208"
"2196","8” White Twist Bear","2211","Hearts & Stars Foam Stickers","6","Approx. 130 foam stickers in mixed colors and sizes.","2842","https://dandicraft.com/wp-content/uploads/2025/11/stars-and-hearts.png","2208"
"2196","8” White Twist Bear","2212","60 second Recordable Chip","6",,"2845","https://dandicraft.com/wp-content/uploads/2025/11/recordable-sound-chip.png","2208"
"2196","8” White Twist Bear","2213","Extra T-Shirt","2",,"2846","https://dandicraft.com/wp-content/uploads/2025/11/16-basic.png","2208"
"2196","8” White Twist Bear","2214","Personalize with Your Logo (+$3 per shirt, $15 setup fee • 15-shirt minimum)","3","Personalize with Your Logo (+$3 per shirt, $15 setup fee • 15-shirt minimum)","1895","https://dandicraft.com/wp-content/uploads/2025/11/logo.jpg","2208"
"2196","8” White Twist Bear","2273","Select T-shirt",,,,NULL,"2208"
"2196","8” White Twist Bear","2891","Setup Fee",,,,NULL,"2208"
"2228","8” Tabby Cat","2241","Crayola Fabric Markers","6","Includes 10 fabric-safe colors designed for decorating T-shirts.","2843","https://dandicraft.com/wp-content/uploads/2025/11/fabric-markers-2.png","2240"
"2228","8” Tabby Cat","2242","Foam ABC Stickers","6","Includes 20 full alphabet sheets in assorted colors.","2844","https://dandicraft.com/wp-content/uploads/2025/11/foam-abc-stickers.png","2240"
"2228","8” Tabby Cat","2243","Hearts & Stars Foam Stickers","6","Approx. 130 foam stickers in mixed colors and sizes.","2842","https://dandicraft.com/wp-content/uploads/2025/11/stars-and-hearts.png","2240"
"2228","8” Tabby Cat","2244","60 second Recordable Chip","6",,"2845","https://dandicraft.com/wp-content/uploads/2025/11/recordable-sound-chip.png","2240"
"2228","8” Tabby Cat","2245","Extra T-Shirt","2",,"2846","https://dandicraft.com/wp-content/uploads/2025/11/16-basic.png","2240"
"2228","8” Tabby Cat","2246","Personalize with Your Logo (+$3 per shirt, $15 setup fee • 15-shirt minimum)","3","Personalize with Your Logo (+$3 per shirt, $15 setup fee • 15-shirt minimum)","1895","https://dandicraft.com/wp-content/uploads/2025/11/logo.jpg","2240"
"2228","8” Tabby Cat","2272","Select T-shirt",,,,NULL,"2240"
"2228","8” Tabby Cat","2890","Setup Fee",,,,NULL,"2240"
"2671","Sailboat","2673","Crayola Washable Paint Set","6","Each set of Crayola washable paint is enough to cover three or more assorted canvases with different background colors.","2351","https://dandicraft.com/wp-content/uploads/2025/11/catalog-2025-60.jpg","2672"
"2676","Bear with Balloons","2678","Crayola Washable Paint Set","6","Each set of Crayola washable paint is enough to cover three or more assorted canvases with different background colors.","2351","https://dandicraft.com/wp-content/uploads/2025/11/catalog-2025-60.jpg","2677"
"2681","Parrot","2683","Crayola Washable Paint Set","6","Each set of Crayola washable paint is enough to cover three or more assorted canvases with different background colors.","2351","https://dandicraft.com/wp-content/uploads/2025/11/catalog-2025-60.jpg","2682"
"2686","Flowers","2688","Crayola Washable Paint Set","6","Each set of Crayola washable paint is enough to cover three or more assorted canvases with different background colors.","2351","https://dandicraft.com/wp-content/uploads/2025/11/catalog-2025-60.jpg","2687"
"2691","Ice Cream","2693","Crayola Washable Paint Set","6","Each set of Crayola washable paint is enough to cover three or more assorted canvases with different background colors.","2351","https://dandicraft.com/wp-content/uploads/2025/11/catalog-2025-60.jpg","2692"
"2696","Duck","2698","Crayola Washable Paint Set","6","Each set of Crayola washable paint is enough to cover three or more assorted canvases with different background colors.","2351","https://dandicraft.com/wp-content/uploads/2025/11/catalog-2025-60.jpg","2697"
"2701","Bear","2703","Crayola Washable Paint Set","6","Each set of Crayola washable paint is enough to cover three or more assorted canvases with different background colors.","2351","https://dandicraft.com/wp-content/uploads/2025/11/catalog-2025-60.jpg","2702"
"2706","Fire Truck","2708","Crayola Washable Paint Set","6","Each set of Crayola washable paint is enough to cover three or more assorted canvases with different background colors.","2351","https://dandicraft.com/wp-content/uploads/2025/11/catalog-2025-60.jpg","2707"
"2850","Fruit Bowl","2852","Crayola Washable Paint Set","6","Each set of Crayola washable paint is enough to cover three or more assorted canvases with different background colors.","2351","https://dandicraft.com/wp-content/uploads/2025/11/catalog-2025-60.jpg","2851"
"2855","Yerushalayim","2857","Crayola Washable Paint Set","6","Each set of Crayola washable paint is enough to cover three or more assorted canvases with different background colors.","2351","https://dandicraft.com/wp-content/uploads/2025/11/catalog-2025-60.jpg","2856"
"2860","Dreidel","2862","Crayola Washable Paint Set","6","Each set of Crayola washable paint is enough to cover three or more assorted canvases with different background colors.","2351","https://dandicraft.com/wp-content/uploads/2025/11/catalog-2025-60.jpg","2861"
"2865","Modeh Ani","2867","Crayola Washable Paint Set","6","Each set of Crayola washable paint is enough to cover three or more assorted canvases with different background colors.","2351","https://dandicraft.com/wp-content/uploads/2025/11/catalog-2025-60.jpg","2866"
"2870","Chanuka icons","2872","Crayola Washable Paint Set","6","Each set of Crayola washable paint is enough to cover three or more assorted canvases with different background colors.","2351","https://dandicraft.com/wp-content/uploads/2025/11/catalog-2025-60.jpg","2871"
"2875","Torah","2877","Crayola Washable Paint Set","6","Each set of Crayola washable paint is enough to cover three or more assorted canvases with different background colors.","2351","https://dandicraft.com/wp-content/uploads/2025/11/catalog-2025-60.jpg","2876"
"2880","Menorah","2882","Crayola Washable Paint Set","6","Each set of Crayola washable paint is enough to cover three or more assorted canvases with different background colors.","2351","https://dandicraft.com/wp-content/uploads/2025/11/catalog-2025-60.jpg","2881"
"2885","Shema Yisroel","2887","Crayola Washable Paint Set","6","Each set of Crayola washable paint is enough to cover three or more assorted canvases with different background colors.","2351","https://dandicraft.com/wp-content/uploads/2025/11/catalog-2025-60.jpg","2886"
