ID,Type,SKU,"GTIN, UPC, EAN, or ISBN",Name,Published,"Is featured?","Visibility in catalog","Short description",Description,"Date sale price starts","Date sale price ends","Tax status","Tax class","In stock?",Stock,"Low stock amount","Backorders allowed?","Sold individually?","Weight (lbs)","Length (in)","Width (in)","Height (in)","Allow customer reviews?","Purchase note","Sale price","Regular price",Categories,Tags,"Shipping class",Images,"Download limit","Download expiry days",Parent,"Grouped products",Upsells,Cross-sells,"External URL","Button text",Position,Brands,"Attribute 1 name","Attribute 1 value(s)","Attribute 1 visible","Attribute 1 global","Attribute 2 name","Attribute 2 value(s)","Attribute 2 visible","Attribute 2 global"
2584,external,,,"Custom Diamond Art",1,0,visible,"<p data-start=""0"" data-end=""112"">Turn your favourite photo, logo, or themed image into a sparkling work of art!</p>\n<p data-start=""114"" data-end=""366"">We transform your image into a custom diamond art kit, complete with a printed adhesive canvas and colour-coded chart. Whether you want lots of tiny details or a simpler, bold design, we can adjust the level of detail to suit all ages and skill levels.</p>\n<p data-start=""114"" data-end=""366"">For <strong data-start=""702"" data-end=""745"">pricing, options &amp; detailed information</strong>, please contact us at:<br data-start=""768"" data-end=""771"" />📧 <strong data-start=""774"" data-end=""799"" data-is-last-node=""""><a class=""decorated-link cursor-pointer"" rel=""noopener"" data-start=""776"" data-end=""797"">dandicraft@kewnet.com</a></strong></p>","&nbsp;\n\n&nbsp;",,,taxable,,1,,,0,0,,,,,1,,,,Custom,,,https://pink-dugong-468121.hostingersite.com/wp-content/uploads/2025/11/content-50.jpg,,,,,,,#,"Contact Us",0,,,,,,,,,
2595,external,,,"Custom Teddy Bears",1,0,visible,"<p data-start=""0"" data-end=""58""><strong data-start=""0"" data-end=""58"">Fully Personalized Plush Gifts 🧸</strong></p>\n<p data-start=""60"" data-end=""176"">Bring your brand, event, or special occasion to life with our <strong data-start=""122"" data-end=""144"">custom teddy bears</strong> (minimum order: <strong data-start=""161"" data-end=""174"">400 bears</strong>).</p>\n<p data-start=""178"" data-end=""234"">Design your teddy bears exactly the way you want them:</p>\n\n<ul data-start=""235"" data-end=""553"">\n 	<li data-start=""235"" data-end=""305"">\n<p data-start=""237"" data-end=""305"">🧵 <strong data-start=""240"" data-end=""274"">Choose size, colors &amp; fabrics</strong> to match your theme or brand</p>\n</li>\n 	<li data-start=""306"" data-end=""424"">\n<p data-start=""308"" data-end=""424"">🎵 Option to add a <strong data-start=""327"" data-end=""354"">pre-recorded sound chip</strong> with your song or personal message (plays when the bear is pressed)</p>\n</li>\n 	<li data-start=""425"" data-end=""488"">\n<p data-start=""427"" data-end=""488"">👕 <strong data-start=""430"" data-end=""453"">Custom logo t-shirt</strong> printed with your logo or design</p>\n</li>\n 	<li data-start=""489"" data-end=""553"">\n<p data-start=""491"" data-end=""553"">🎀 <strong data-start=""494"" data-end=""519"">Accessories available</strong> (bows, scarves, outfits and more)</p>\n</li>\n</ul>\n<p data-start=""555"" data-end=""569"">Perfect for:</p>\n\n<ul data-start=""570"" data-end=""696"">\n 	<li data-start=""570"" data-end=""608"">\n<p data-start=""572"" data-end=""608"">Corporate gifts &amp; brand promotions</p>\n</li>\n 	<li data-start=""609"" data-end=""640"">\n<p data-start=""611"" data-end=""640"">Fundraisers &amp; school events</p>\n</li>\n 	<li data-start=""641"" data-end=""662"">\n<p data-start=""643"" data-end=""662"">Holiday giveaways</p>\n</li>\n 	<li data-start=""663"" data-end=""696"">\n<p data-start=""665"" data-end=""696"">Special campaigns &amp; merchandise</p>\n</li>\n</ul>\n<p data-start=""698"" data-end=""799"" data-is-last-node="""" data-is-only-node="""">For <strong data-start=""702"" data-end=""745"">pricing, options &amp; detailed information</strong>, please contact us at:<br data-start=""768"" data-end=""771"" />📧 <strong data-start=""774"" data-end=""799"" data-is-last-node=""""><a class=""decorated-link cursor-pointer"" rel=""noopener"" data-start=""776"" data-end=""797"">dandicraft@kewnet.com</a></strong></p>",,,,taxable,,1,,,0,0,,,,,1,,,,Custom,,,https://pink-dugong-468121.hostingersite.com/wp-content/uploads/2025/11/Grizzly.jpg,,,,,,,mailto:dandicraft@kewnet.com,"Contact Us",0,,Size,"16 Inch",0,1,"Select Free Tee","Basic Tee, Black Tee, Blue Tee, Denim Button Shirt, Pink Tee, Red Tee",0,1
2655,simple,,,"Gift Box",1,0,visible,"<p data-start=""150"" data-end=""362"">This special Gift Box includes <strong data-start=""181"" data-end=""209"">all six adorable designs</strong>, beautifully packaged together.<br data-start=""270"" data-end=""273"" />When you purchase the Gift Box, you will receive <strong data-start=""322"" data-end=""361"">every one of the following products</strong>:</p>\n\n<ul data-start=""364"" data-end=""510"">\n 	<li data-start=""364"" data-end=""390"">\n<p data-start=""366"" data-end=""390""><strong data-start=""366"" data-end=""388"">Bear with Balloons</strong></p>\n</li>\n 	<li data-start=""391"" data-end=""406"">\n<p data-start=""393"" data-end=""406""><strong data-start=""393"" data-end=""404"">Cupcake</strong></p>\n</li>\n 	<li data-start=""407"" data-end=""446"">\n<p data-start=""409"" data-end=""446""><strong data-start=""409"" data-end=""422"">Fish Bowl</strong></p>\n</li>\n 	<li data-start=""447"" data-end=""470"">\n<p data-start=""449"" data-end=""470""><strong data-start=""449"" data-end=""468"">Hot Air Balloon</strong></p>\n</li>\n 	<li data-start=""471"" data-end=""493"">\n<p data-start=""473"" data-end=""493""><strong data-start=""473"" data-end=""491"">Shivas Haminim</strong></p>\n</li>\n 	<li data-start=""494"" data-end=""510"">\n<p data-start=""496"" data-end=""510""><strong data-start=""496"" data-end=""510"">Teddy Bear</strong></p>\n</li>\n</ul>\n<p data-start=""512"" data-end=""665"">Perfect for gifting, celebrations, or adding a full collection to your home!</p>",,,,taxable,,1,,,0,0,,,,,1,,,80,Paint-by-Number,,,https://pink-dugong-468121.hostingersite.com/wp-content/uploads/2025/11/dandi-gift1.jpg,,,,,,,,,0,,,,,,,,,
2671,simple,,,Sailboat,1,0,visible,"<span style=""font-weight: 400;"">Canvas paint-by-numbers that coordinate with the Crayola 18 ct. Washable Kids’ Paint Set! </span>\n\n<span style=""font-weight: 400;"">Paintbrushes, color chart and stickers to number the paints are included with each canvas. Paints are sold separately.</span>","<span style=""font-weight: 400;"">8”x12” canvas: Includes paintbrushes, color chart and stickers to number paints.  Paints are sold separately.</span>\n\nOne paint set can be used for multiple canvases. Feel free to mix and match colors!",,,taxable,,1,,,0,0,,,,,1,,,11,"Washable Paint-by-Number",,,https://pink-dugong-468121.hostingersite.com/wp-content/uploads/2025/11/Sailboat.png,,,,,,,,,0,,Size,8x12,1,1,,,,
2676,simple,,,"Bear with Balloons",1,0,visible,"<span style=""font-weight: 400;"">Canvas paint-by-numbers that coordinate with the Crayola 18 ct. Washable Kids’ Paint Set! </span>\n\n<span style=""font-weight: 400;"">Paintbrushes, color chart and stickers to number the paints are included with each canvas. Paints are sold separately.</span>","<span style=""font-weight: 400;"">8”x12” canvas: Includes paintbrushes, color chart and stickers to number paints.  Paints are sold separately.</span>\n\nOne paint set can be used for multiple canvases. Feel free to mix and match colors!",,,taxable,,1,,,0,0,,,,,1,,,11,"Washable Paint-by-Number",,,https://pink-dugong-468121.hostingersite.com/wp-content/uploads/2025/11/Bear-with-Balloons.png,,,,,,,,,0,,Size,8x12,1,1,,,,
2681,simple,,,Parrot,1,0,visible,"<span style=""font-weight: 400;"">Canvas paint-by-numbers that coordinate with the Crayola 18 ct. Washable Kids’ Paint Set! </span>\n\n<span style=""font-weight: 400;"">Paintbrushes, color chart and stickers to number the paints are included with each canvas. Paints are sold separately.</span>","<span style=""font-weight: 400;"">8”x12” canvas: Includes paintbrushes, color chart and stickers to number paints.  Paints are sold separately.</span>\n\nOne paint set can be used for multiple canvases. Feel free to mix and match colors!",,,taxable,,1,,,0,0,,,,,1,,,11,"Washable Paint-by-Number",,,https://pink-dugong-468121.hostingersite.com/wp-content/uploads/2025/11/Parrot.png,,,,,,,,,0,,Size,8x12,1,1,,,,
2686,simple,,,Flowers,1,0,visible,"<span style=""font-weight: 400;"">Canvas paint-by-numbers that coordinate with the Crayola 18 ct. Washable Kids’ Paint Set! </span>\n\n<span style=""font-weight: 400;"">Paintbrushes, color chart and stickers to number the paints are included with each canvas. Paints are sold separately.</span>","<span style=""font-weight: 400;"">8”x12” canvas: Includes paintbrushes, color chart and stickers to number paints.  Paints are sold separately.</span>\n\nOne paint set can be used for multiple canvases. Feel free to mix and match colors!",,,taxable,,1,,,0,0,,,,,1,,,11,"Washable Paint-by-Number",,,https://pink-dugong-468121.hostingersite.com/wp-content/uploads/2025/11/Flowers.png,,,,,,,,,0,,Size,8x12,1,1,,,,
2691,simple,,,"Ice Cream",1,0,visible,"<span style=""font-weight: 400;"">Canvas paint-by-numbers that coordinate with the Crayola 18 ct. Washable Kids’ Paint Set! </span>\n\n<span style=""font-weight: 400;"">Paintbrushes, color chart and stickers to number the paints are included with each canvas. Paints are sold separately.</span>","<span style=""font-weight: 400;"">8”x12” canvas: Includes paintbrushes, color chart and stickers to number paints.  Paints are sold separately.</span>\n\nOne paint set can be used for multiple canvases. Feel free to mix and match colors!",,,taxable,,1,,,0,0,,,,,1,,,11,"Washable Paint-by-Number",,,https://pink-dugong-468121.hostingersite.com/wp-content/uploads/2025/11/Ice-Cream.png,,,,,,,,,0,,Size,8x12,1,1,,,,
2696,simple,,,Duck,1,0,visible,"<span style=""font-weight: 400;"">Canvas paint-by-numbers that coordinate with the Crayola 18 ct. Washable Kids’ Paint Set! </span>\n\n<span style=""font-weight: 400;"">Paintbrushes, color chart and stickers to number the paints are included with each canvas. Paints are sold separately.</span>","<span style=""font-weight: 400;"">8”x12” canvas: Includes paintbrushes, color chart and stickers to number paints.  Paints are sold separately.</span>\n\nOne paint set can be used for multiple canvases. Feel free to mix and match colors!",,,taxable,,1,,,0,0,,,,,1,,,11,"Washable Paint-by-Number",,,https://pink-dugong-468121.hostingersite.com/wp-content/uploads/2025/11/Duck.png,,,,,,,,,0,,Size,8x12,1,1,,,,
2701,simple,,,Bear,1,0,visible,"<span style=""font-weight: 400;"">Canvas paint-by-numbers that coordinate with the Crayola 18 ct. Washable Kids’ Paint Set! </span>\n\n<span style=""font-weight: 400;"">Paintbrushes, color chart and stickers to number the paints are included with each canvas. Paints are sold separately.</span>","<span style=""font-weight: 400;"">8”x12” canvas: Includes paintbrushes, color chart and stickers to number paints.  Paints are sold separately.</span>\n\nOne paint set can be used for multiple canvases. Feel free to mix and match colors!",,,taxable,,1,,,0,0,,,,,1,,,11,"Washable Paint-by-Number",,,https://pink-dugong-468121.hostingersite.com/wp-content/uploads/2025/11/Bear.png,,,,,,,,,0,,Size,8x12,1,1,,,,
2706,simple,,,"Fire Truck",1,0,visible,"<span style=""font-weight: 400;"">Canvas paint-by-numbers that coordinate with the Crayola 18 ct. Washable Kids’ Paint Set! </span>\n\n<span style=""font-weight: 400;"">Paintbrushes, color chart and stickers to number the paints are included with each canvas. Paints are sold separately.</span>","<span style=""font-weight: 400;"">8”x12” canvas: Includes paintbrushes, color chart and stickers to number paints.  Paints are sold separately.</span>\n\nOne paint set can be used for multiple canvases. Feel free to mix and match colors!",,,taxable,,1,,,0,0,,,,,1,,,11,"Washable Paint-by-Number",,,https://pink-dugong-468121.hostingersite.com/wp-content/uploads/2025/11/Fire-Truck.png,,,,,,,,,0,,Size,8x12,1,1,,,,
2850,simple,,,"Fruit Bowl",1,0,visible,"<span style=""font-weight: 400;"">Canvas paint-by-numbers that coordinate with the Crayola 18 ct. Washable Kids’ Paint Set! </span>\n\n<span style=""font-weight: 400;"">Paintbrushes, color chart and stickers to number the paints are included with each canvas. Paints are sold separately.</span>","<span style=""font-weight: 400;"">8”x12” canvas: Includes paintbrushes, color chart and stickers to number paints.  Paints are sold separately.</span>\n\nOne paint set can be used for multiple canvases. Feel free to mix and match colors!",,,taxable,,1,,,0,0,,,,,1,,,11,"Washable Paint-by-Number",,,https://pink-dugong-468121.hostingersite.com/wp-content/uploads/2025/11/fruit-1.png,,,,,,,,,0,,Size,8x12,1,1,,,,
2855,simple,,,Yerushalayim,1,0,visible,"<span style=""font-weight: 400;"">Canvas paint-by-numbers that coordinate with the Crayola 18 ct. Washable Kids’ Paint Set! </span>\n\n<span style=""font-weight: 400;"">Paintbrushes, color chart and stickers to number the paints are included with each canvas. Paints are sold separately.</span>","<span style=""font-weight: 400;"">8”x12” canvas: Includes paintbrushes, color chart and stickers to number paints.  Paints are sold separately.</span>\n\nOne paint set can be used for multiple canvases. Feel free to mix and match colors!",,,taxable,,1,,,0,0,,,,,1,,,11,"Washable Paint-by-Number",,,https://pink-dugong-468121.hostingersite.com/wp-content/uploads/2025/11/Yerushalayim.png,,,,,,,,,0,,Size,8x12,1,1,,,,
2860,simple,,,Dreidel,1,0,visible,"<span style=""font-weight: 400;"">Canvas paint-by-numbers that coordinate with the Crayola 18 ct. Washable Kids’ Paint Set! </span>\n\n<span style=""font-weight: 400;"">Paintbrushes, color chart and stickers to number the paints are included with each canvas. Paints are sold separately.</span>","<span style=""font-weight: 400;"">8”x12” canvas: Includes paintbrushes, color chart and stickers to number paints.  Paints are sold separately.</span>\n\nOne paint set can be used for multiple canvases. Feel free to mix and match colors!",,,taxable,,1,,,0,0,,,,,1,,,11,"Washable Paint-by-Number",,,https://pink-dugong-468121.hostingersite.com/wp-content/uploads/2025/11/dreidel.png,,,,,,,,,0,,Size,8x12,1,1,,,,
2865,simple,,,"Modeh Ani",1,0,visible,"<span style=""font-weight: 400;"">Canvas paint-by-numbers that coordinate with the Crayola 18 ct. Washable Kids’ Paint Set! </span>\n\n<span style=""font-weight: 400;"">Paintbrushes, color chart and stickers to number the paints are included with each canvas. Paints are sold separately.</span>","<span style=""font-weight: 400;"">8”x12” canvas: Includes paintbrushes, color chart and stickers to number paints.  Paints are sold separately.</span>\n\nOne paint set can be used for multiple canvases. Feel free to mix and match colors!",,,taxable,,1,,,0,0,,,,,1,,,11,"Washable Paint-by-Number",,,https://pink-dugong-468121.hostingersite.com/wp-content/uploads/2025/11/Modeh-Ani.png,,,,,,,,,0,,Size,8x12,1,1,,,,
2870,simple,,,"Chanuka icons",1,0,visible,"<span style=""font-weight: 400;"">Canvas paint-by-numbers that coordinate with the Crayola 18 ct. Washable Kids’ Paint Set! </span>\n\n<span style=""font-weight: 400;"">Paintbrushes, color chart and stickers to number the paints are included with each canvas. Paints are sold separately.</span>","<span style=""font-weight: 400;"">8”x12” canvas: Includes paintbrushes, color chart and stickers to number paints.  Paints are sold separately.</span>\n\nOne paint set can be used for multiple canvases. Feel free to mix and match colors!",,,taxable,,1,,,0,0,,,,,1,,,11,"Washable Paint-by-Number",,,https://pink-dugong-468121.hostingersite.com/wp-content/uploads/2025/11/Chanuka-icons.png,,,,,,,,,0,,Size,8x12,1,1,,,,
2875,simple,,,Torah,1,0,visible,"<span style=""font-weight: 400;"">Canvas paint-by-numbers that coordinate with the Crayola 18 ct. Washable Kids’ Paint Set! </span>\n\n<span style=""font-weight: 400;"">Paintbrushes, color chart and stickers to number the paints are included with each canvas. Paints are sold separately.</span>","<span style=""font-weight: 400;"">8”x12” canvas: Includes paintbrushes, color chart and stickers to number paints.  Paints are sold separately.</span>\n\nOne paint set can be used for multiple canvases. Feel free to mix and match colors!",,,taxable,,1,,,0,0,,,,,1,,,11,"Washable Paint-by-Number",,,https://pink-dugong-468121.hostingersite.com/wp-content/uploads/2025/11/Torah.png,,,,,,,,,0,,Size,8x12,1,1,,,,
2880,simple,,,Menorah,1,0,visible,"<span style=""font-weight: 400;"">Canvas paint-by-numbers that coordinate with the Crayola 18 ct. Washable Kids’ Paint Set! </span>\n\n<span style=""font-weight: 400;"">Paintbrushes, color chart and stickers to number the paints are included with each canvas. Paints are sold separately.</span>","<span style=""font-weight: 400;"">8”x12” canvas: Includes paintbrushes, color chart and stickers to number paints.  Paints are sold separately.</span>\n\nOne paint set can be used for multiple canvases. Feel free to mix and match colors!",,,taxable,,1,,,0,0,,,,,1,,,11,"Washable Paint-by-Number",,,https://pink-dugong-468121.hostingersite.com/wp-content/uploads/2025/11/Menorah.png,,,,,,,,,0,,Size,8x12,1,1,,,,
2885,simple,,,"Shema Yisroel",1,0,visible,"<span style=""font-weight: 400;"">Canvas paint-by-numbers that coordinate with the Crayola 18 ct. Washable Kids’ Paint Set! </span>\n\n<span style=""font-weight: 400;"">Paintbrushes, color chart and stickers to number the paints are included with each canvas. Paints are sold separately.</span>","<span style=""font-weight: 400;"">8”x12” canvas: Includes paintbrushes, color chart and stickers to number paints.  Paints are sold separately.</span>\n\nOne paint set can be used for multiple canvases. Feel free to mix and match colors!",,,taxable,,1,,,0,0,,,,,1,,,11,"Washable Paint-by-Number",,,https://pink-dugong-468121.hostingersite.com/wp-content/uploads/2025/11/Shema-Yisroel.png,,,,,,,,,0,,Size,8x12,1,1,,,,
2993,simple,,,"Blank pillow",-1,0,visible,"<span style=""font-weight: 400;"">Includes: 2 blank white pillowcases, cardstock, stuffing and instructions.</span>\n\n<span style=""font-weight: 400;"">Instructions: Stuff BLANK pillowcase and close zipper. Set aside. Place cardstock into PRINTED (or to be decorated) pillowcase to prevent markers from going through. Decorate printed pillowcases with markers. Insert stuffed pillow, zipper side first into decorated pillowcases and zip closed. Enjoy!</span>\n<h3><span style=""font-weight: 400;"">Personalize your pillows! Add your logo or photo to the pillowcase.</span></h3>\n<span style=""font-weight: 400;"">Minimum order of 15, plus a $15 setup fee.</span>","&nbsp;\n\n&nbsp;",,,taxable,,1,,,0,0,,,,,1,,,18,"Photo Pillows",,,"https://pink-dugong-468121.hostingersite.com/wp-content/uploads/2025/11/pillow-2.jpg, https://pink-dugong-468121.hostingersite.com/wp-content/uploads/2025/11/pillow.jpg",,,,,,,,,0,,,,,,,,,
